payment_type,avg_order_value
voucher,311.332576200418
wallet,268.049290394947
credit_card,266.262672460619
debit_card,246.079327531646
