payment_type,payment_count,total_payment_value,avg_payment_value
credit_card,64435,17156635.3,266.262672460619
wallet,16939,4540486.93,268.049290394947
voucher,4790,1491283.04,311.332576200418
debit_card,1264,311044.27,246.079327531646
