year,total_sales,previous_year_sales,year_over_year_growth
2016,63263.74,,
2017,10684088.42,63263.74,16788.1707278134
2018,12752097.38,10684088.42,19.3559700996934
